requirement_id,source,requirement,component,implementation,test,status
WEB-01,ReserveChain_Website_Developer_Instructions.pdf,Home: Primary ReserveChain landing page connecting the physical-asset evidence chain with digital infrastructure.,Public page /home/,public-demo route + WordPress seeded page,route/page existence + responsive QA,implemented foundation
WEB-02,ReserveChain_Website_Developer_Instructions.pdf,"About ReserveChain: Mission, vision, operating principles and the infrastructure thesis behind ReserveChain.",Public page /about/,public-demo route + WordPress seeded page,route/page existence + responsive QA,implemented foundation
WEB-03,ReserveChain_Website_Developer_Instructions.pdf,"Corporate Development Status: Development-status dashboard across corporate, legal, technology, asset onboarding and launch readiness.",Public page /corporate-development-status/,public-demo route + WordPress seeded page,route/page existence + responsive QA,implemented foundation
WEB-04,ReserveChain_Website_Developer_Instructions.pdf,"Governance: Governance framework covering corporate, platform, asset and compliance oversight.",Public page /governance/,public-demo route + WordPress seeded page,route/page existence + responsive QA,implemented foundation
WEB-05,ReserveChain_Website_Developer_Instructions.pdf,"News & Announcements: Structured project updates, milestone announcements and document-release notices.",Public page /news/,public-demo route + WordPress seeded page,route/page existence + responsive QA,implemented foundation
WEB-06,ReserveChain_Website_Developer_Instructions.pdf,"Contact ReserveChain.io: Inquiry routing for general, enterprise, industrial-buyer, asset-owner, media, compliance and support requests.",Public page /contact/,public-demo route + WordPress seeded page,route/page existence + responsive QA,implemented foundation
WEB-07,ReserveChain_Website_Developer_Instructions.pdf,"How ReserveChain Works: A clear lifecycle from source identification through verification, custody, digital identity, tokenization, reconciliation and redemption.",Public page /how-it-works/,public-demo route + WordPress seeded page,route/page existence + responsive QA,implemented foundation
WEB-08,ReserveChain_Website_Developer_Instructions.pdf,"Platform Infrastructure for Real-World Assets: System architecture for the registry, passports, evidence, custody, compliance, tokenization, reserves and portals.",Public page /platform-infrastructure/,public-demo route + WordPress seeded page,route/page existence + responsive QA,implemented foundation
WEB-09,ReserveChain_Website_Developer_Instructions.pdf,"Technology: Technical architecture covering contracts, registry records, APIs, audit logs, access control and scalability.",Public page /technology/,public-demo route + WordPress seeded page,route/page existence + responsive QA,implemented foundation
WEB-10,ReserveChain_Website_Developer_Instructions.pdf,"Security: Security model for applications, identities, infrastructure, data and operational response without unsupported certification claims.",Public page /security/,public-demo route + WordPress seeded page,route/page existence + responsive QA,implemented foundation
WEB-11,ReserveChain_Website_Developer_Instructions.pdf,"Independent Verification: Proposed verification workflow for inspection, laboratory evidence, document review and re-verification.",Public page /verification/,public-demo route + WordPress seeded page,route/page existence + responsive QA,implemented foundation
WEB-12,ReserveChain_Website_Developer_Instructions.pdf,"Custody & Vault Structure: Proposed custody architecture including segregation, inventory, access, chain of custody and release controls.",Public page /custody/,public-demo route + WordPress seeded page,route/page existence + responsive QA,implemented foundation
WEB-13,ReserveChain_Website_Developer_Instructions.pdf,"Proof of Real-World Asset Reserves: Reserve methodology and reconciliation interface, clearly separated from any unapproved live reserve claim.",Public page /proof-of-reserves/,public-demo route + WordPress seeded page,route/page existence + responsive QA,implemented foundation
WEB-14,ReserveChain_Website_Developer_Instructions.pdf,"Digital Asset Passports: Persistent asset records connecting specifications, evidence, custody, reserve and tokenization states.",Public page /digital-asset-passports/,public-demo route + WordPress seeded page,route/page existence + responsive QA,implemented foundation
WEB-15,ReserveChain_Website_Developer_Instructions.pdf,"Tokenization: Proposed asset onboarding and ERC-20 lifecycle with issuance controls, reconciliation and retirement.",Public page /tokenization/,public-demo route + WordPress seeded page,route/page existence + responsive QA,implemented foundation
WEB-16,ReserveChain_Website_Developer_Instructions.pdf,"Physical Redemption: Proposed redemption workflow from request through compliance, settlement, custody release and completion.",Public page /physical-redemption/,public-demo route + WordPress seeded page,route/page existence + responsive QA,implemented foundation
WEB-17,ReserveChain_Website_Developer_Instructions.pdf,"Redemption Portal: Functional portal architecture for eligible holdings, request status, custody release and delivery documentation.",Public page /redemption-portal/,public-demo route + WordPress seeded page,route/page existence + responsive QA,implemented foundation
WEB-18,ReserveChain_Website_Developer_Instructions.pdf,Explore Real-World Assets: Catalogue interface placing the two initial industrial-metal programs first and keeping future categories clearly pre-launch.,Public page /explore-assets/,public-demo route + WordPress seeded page,route/page existence + responsive QA,implemented foundation
WEB-19,ReserveChain_Website_Developer_Instructions.pdf,"All Asset Programs: Master directory for current, upcoming and future real-world asset programs.",Public page /asset-programs/,public-demo route + WordPress seeded page,route/page existence + responsive QA,implemented foundation
WEB-20,ReserveChain_Website_Developer_Instructions.pdf,Initial Asset Programs: Dedicated introduction to Ultrafine Copper Powder and Nickel Wire 0.025 mm.,Public page /initial-programs/,public-demo route + WordPress seeded page,route/page existence + responsive QA,implemented foundation
WEB-21,ReserveChain_Website_Developer_Instructions.pdf,All Industrial Metal Programs: Industrial-metals hub for the two initial programs and any future approved metal categories.,Public page /industrial-metals/,public-demo route + WordPress seeded page,route/page existence + responsive QA,implemented foundation
WEB-22,ReserveChain_Website_Developer_Instructions.pdf,Ultrafine Copper Powder: Full evidence-led program page for the supplied Copper Powder program.,Public page /copper-powder/,public-demo route + WordPress seeded page,route/page existence + responsive QA,implemented foundation
WEB-23,ReserveChain_Website_Developer_Instructions.pdf,Copper Powder Product Gallery: Evidence-oriented gallery structure for approved Copper Powder photography and document previews.,Public page /copper-gallery/,public-demo route + WordPress seeded page,route/page existence + responsive QA,implemented foundation
WEB-24,ReserveChain_Website_Developer_Instructions.pdf,Ultrafine Nickel Wire 0.025 mm: Full evidence-led program page for the supplied 0.025 mm Nickel Wire program.,Public page /nickel-wire/,public-demo route + WordPress seeded page,route/page existence + responsive QA,implemented foundation
WEB-25,ReserveChain_Website_Developer_Instructions.pdf,"Nickel Wire Product Gallery: Evidence-oriented gallery structure for accurate wire-scale imagery, packaging and certificate previews.",Public page /nickel-gallery/,public-demo route + WordPress seeded page,route/page existence + responsive QA,implemented foundation
WEB-26,ReserveChain_Website_Developer_Instructions.pdf,Future Asset Categories: Pre-launch storytelling for future approved categories without mixing them into current reserve or program claims.,Public page /future-assets/,public-demo route + WordPress seeded page,route/page existence + responsive QA,implemented foundation
WEB-27,ReserveChain_Website_Developer_Instructions.pdf,"Early Participation Program: Pre-launch program information explaining purpose, eligibility, safeguards, process, risks and waitlist access.",Public page /early-participation/,public-demo route + WordPress seeded page,route/page existence + responsive QA,implemented foundation
WEB-28,ReserveChain_Website_Developer_Instructions.pdf,Program Overview: Detailed proposed structure for the participation program and its supporting documentation.,Public page /program-overview/,public-demo route + WordPress seeded page,route/page existence + responsive QA,implemented foundation
WEB-29,ReserveChain_Website_Developer_Instructions.pdf,"How Token Acquisition Will Work: Planned future acquisition flow, inactive until legal, compliance and deployment authorization is complete.",Public page /token-acquisition/,public-demo route + WordPress seeded page,route/page existence + responsive QA,implemented foundation
WEB-30,ReserveChain_Website_Developer_Instructions.pdf,"20% Discount Methodology: Methodology page reserved for owner-approved valuation references, formulae, examples, limits and disclosures.",Public page /discount-methodology/,public-demo route + WordPress seeded page,route/page existence + responsive QA,implemented foundation
WEB-31,ReserveChain_Website_Developer_Instructions.pdf,"Eligibility & KYC: Configurable eligibility, KYC/KYB, AML, sanctions and enhanced-due-diligence workflow.",Public page /eligibility-kyc/,public-demo route + WordPress seeded page,route/page existence + responsive QA,implemented foundation
WEB-32,ReserveChain_Website_Developer_Instructions.pdf,Restricted Jurisdictions: Jurisdiction controls and disclosure area governed by approved legal rules.,Public page /restricted-jurisdictions/,public-demo route + WordPress seeded page,route/page existence + responsive QA,implemented foundation
WEB-33,ReserveChain_Website_Developer_Instructions.pdf,Join the Early Participation Waitlist: Functional registration-of-interest flow with consent recording and no payment or wallet collection.,Public page /waitlist/,public-demo route + WordPress seeded page,route/page existence + responsive QA,implemented foundation
WEB-34,ReserveChain_Website_Developer_Instructions.pdf,"Industrial Buyers: Buyer-focused workflow for manufacturers, processors and qualified industrial counterparties.",Public page /industrial-buyers/,public-demo route + WordPress seeded page,route/page existence + responsive QA,implemented foundation
WEB-35,ReserveChain_Website_Developer_Instructions.pdf,"Asset Owners & Originators: Onboarding journey for producers, owners, originators, suppliers and custodians.",Public page /asset-owners/,public-demo route + WordPress seeded page,route/page existence + responsive QA,implemented foundation
WEB-36,ReserveChain_Website_Developer_Instructions.pdf,"Enterprise Services: Overview of modular onboarding, registry, compliance, tokenization, reserve and reporting services.",Public page /enterprise-services/,public-demo route + WordPress seeded page,route/page existence + responsive QA,implemented foundation
WEB-37,ReserveChain_Website_Developer_Instructions.pdf,Enterprise Tokenization Services: B2B architecture for institutions requiring asset-tokenization infrastructure.,Public page /enterprise-tokenization/,public-demo route + WordPress seeded page,route/page existence + responsive QA,implemented foundation
WEB-38,ReserveChain_Website_Developer_Instructions.pdf,"Technology Licensing & White-Label: White-label and licensing architecture with configurable modules, branding, APIs and operational support.",Public page /technology-licensing/,public-demo route + WordPress seeded page,route/page existence + responsive QA,implemented foundation
WEB-39,ReserveChain_Website_Developer_Instructions.pdf,Future of Real-World Asset Infrastructure: Strategic platform thesis with approved language only and clear separation from any offering.,Public page /future-of-rwa/,public-demo route + WordPress seeded page,route/page existence + responsive QA,implemented foundation
WEB-40,ReserveChain_Website_Developer_Instructions.pdf,"Resources: Central resource hub for documentation, methodology, platform topics, compliance and legal material.",Public page /resources/,public-demo route + WordPress seeded page,route/page existence + responsive QA,implemented foundation
WEB-41,ReserveChain_Website_Developer_Instructions.pdf,"Documentation: Version-controlled library for platform, technology, asset, evidence, compliance, participation and legal documents.",Public page /documentation/,public-demo route + WordPress seeded page,route/page existence + responsive QA,implemented foundation
WEB-42,ReserveChain_Website_Developer_Instructions.pdf,Whitepaper: Two-stage institutional whitepaper workflow with approved facts and clearly marked pending sections.,Public page /whitepaper/,public-demo route + WordPress seeded page,route/page existence + responsive QA,implemented foundation
WEB-43,ReserveChain_Website_Developer_Instructions.pdf,"Investor Presentation: Presentation area for approved platform, program, roadmap, governance and risk information.",Public page /investor-presentation/,public-demo route + WordPress seeded page,route/page existence + responsive QA,implemented foundation
WEB-44,ReserveChain_Website_Developer_Instructions.pdf,"Frequently Asked Questions: Structured FAQ spanning platform, assets, verification, custody, reserves, tokenization, participation and risk.",Public page /faq/,public-demo route + WordPress seeded page,route/page existence + responsive QA,implemented foundation
WEB-45,ReserveChain_Website_Developer_Instructions.pdf,"Risk Disclosure: RWA-specific risk framework covering asset, valuation, custody, counterparty, technology, regulation and redemption.",Public page /risk-disclosure/,public-demo route + WordPress seeded page,route/page existence + responsive QA,implemented foundation
WEB-46,ReserveChain_Website_Developer_Instructions.pdf,"Anti-Fraud Notice: Anti-fraud guidance covering impersonation, fake presales, wallets, phishing and document fraud.",Public page /anti-fraud/,public-demo route + WordPress seeded page,route/page existence + responsive QA,implemented foundation
WEB-47,ReserveChain_Website_Developer_Instructions.pdf,"Legal & Disclosures: Central legal hub for current operator information, pre-launch status, risks, terms and future offering documentation.",Public page /legal/,public-demo route + WordPress seeded page,route/page existence + responsive QA,implemented foundation
WEB-48,ReserveChain_Website_Developer_Instructions.pdf,"Privacy Policy: Privacy architecture for public site, account, waitlist and future KYC/KYB processing.",Public page /privacy/,public-demo route + WordPress seeded page,route/page existence + responsive QA,implemented foundation
WEB-49,ReserveChain_Website_Developer_Instructions.pdf,"Terms of Use: Website terms covering pre-launch status, eligibility, data limitations, acceptable use, IP and liability.",Public page /terms/,public-demo route + WordPress seeded page,route/page existence + responsive QA,implemented foundation
WEB-50,ReserveChain_Website_Developer_Instructions.pdf,"Support: Support hub for public information, future accounts, asset programs, enterprise users, security and ticket routing.",Public page /support/,public-demo route + WordPress seeded page,route/page existence + responsive QA,implemented foundation
WEB-51,ReserveChain_Website_Developer_Instructions.pdf,"Participant Portal: Participant portal architecture with profile, compliance status, programs, documents, reserve information and gated future modules.",Public page /participant-portal/,public-demo route + WordPress seeded page,route/page existence + responsive QA,implemented foundation
PHASE-01,ReserveChain_Final_Master_Developer_Instructions_v2.0.pdf,"Requirements, Architecture and Execution Blueprint",ecosystem workstream,See IMPLEMENTATION_STATUS.md,phase-specific acceptance evidence,implemented foundation
PHASE-02,ReserveChain_Final_Master_Developer_Instructions_v2.0.pdf,UX/UI Design System and Public Website,ecosystem workstream,See IMPLEMENTATION_STATUS.md,phase-specific acceptance evidence,implemented contest foundation
PHASE-03,ReserveChain_Final_Master_Developer_Instructions_v2.0.pdf,Tokenomics Configuration and ERC-20 Smart Contract Suite,ecosystem workstream,See IMPLEMENTATION_STATUS.md,phase-specific acceptance evidence,scaffolded; audit/testnet pending
PHASE-04,ReserveChain_Final_Master_Developer_Instructions_v2.0.pdf,"Wallet, Treasury, Multisig and Key Management",ecosystem workstream,See IMPLEMENTATION_STATUS.md,phase-specific acceptance evidence,planned; owner wallets required
PHASE-05,ReserveChain_Final_Master_Developer_Instructions_v2.0.pdf,"Backend, Database, API and Blockchain Synchronization",ecosystem workstream,See IMPLEMENTATION_STATUS.md,phase-specific acceptance evidence,partial: registry/API implemented; blockchain sync pending
PHASE-06,ReserveChain_Final_Master_Developer_Instructions_v2.0.pdf,"KYC, KYB, AML, Sanctions and Jurisdiction Integration",ecosystem workstream,See IMPLEMENTATION_STATUS.md,phase-specific acceptance evidence,planned; provider/legal rules required
PHASE-07,ReserveChain_Final_Master_Developer_Instructions_v2.0.pdf,Future Token Acquisition / USDT Module,ecosystem workstream,See IMPLEMENTATION_STATUS.md,phase-specific acceptance evidence,intentionally inactive / outstanding
PHASE-08,ReserveChain_Final_Master_Developer_Instructions_v2.0.pdf,Investor Portal,ecosystem workstream,See IMPLEMENTATION_STATUS.md,phase-specific acceptance evidence,UI architecture only
PHASE-09,ReserveChain_Final_Master_Developer_Instructions_v2.0.pdf,"Administrative, Operations and Compliance Portal",ecosystem workstream,See IMPLEMENTATION_STATUS.md,phase-specific acceptance evidence,partial WordPress admin
PHASE-10,ReserveChain_Final_Master_Developer_Instructions_v2.0.pdf,Industrial Metals Registry and Digital Asset Passports,ecosystem workstream,See IMPLEMENTATION_STATUS.md,phase-specific acceptance evidence,implemented foundation
PHASE-11,ReserveChain_Final_Master_Developer_Instructions_v2.0.pdf,Proof of Industrial Metal Reserves,ecosystem workstream,See IMPLEMENTATION_STATUS.md,phase-specific acceptance evidence,framework only; no live claim
PHASE-12,ReserveChain_Final_Master_Developer_Instructions_v2.0.pdf,Physical Industrial Metals Redemption,ecosystem workstream,See IMPLEMENTATION_STATUS.md,phase-specific acceptance evidence,inactive concept / outstanding
PHASE-13,ReserveChain_Final_Master_Developer_Instructions_v2.0.pdf,iOS and Android Applications,ecosystem workstream,See IMPLEMENTATION_STATUS.md,phase-specific acceptance evidence,source scaffold; store testing pending
PHASE-14,ReserveChain_Final_Master_Developer_Instructions_v2.0.pdf,Institutional Whitepaper and Investor Package,ecosystem workstream,See IMPLEMENTATION_STATUS.md,phase-specific acceptance evidence,stage-1 structure included
PHASE-15,ReserveChain_Final_Master_Developer_Instructions_v2.0.pdf,"DEX, Liquidity and Exchange Support",ecosystem workstream,See IMPLEMENTATION_STATUS.md,phase-specific acceptance evidence,conditional / not executed
PHASE-16,ReserveChain_Final_Master_Developer_Instructions_v2.0.pdf,Technical Marketing Infrastructure and Launch Support,ecosystem workstream,See IMPLEMENTATION_STATUS.md,phase-specific acceptance evidence,SEO foundation only
PHASE-17,ReserveChain_Final_Master_Developer_Instructions_v2.0.pdf,"Financial, Token and Operational Reconciliation",ecosystem workstream,See IMPLEMENTATION_STATUS.md,phase-specific acceptance evidence,planned
PHASE-18,ReserveChain_Final_Master_Developer_Instructions_v2.0.pdf,"Secure Development, QA and Independent Audit",ecosystem workstream,See IMPLEMENTATION_STATUS.md,phase-specific acceptance evidence,local checks; independent audits pending
PHASE-19,ReserveChain_Final_Master_Developer_Instructions_v2.0.pdf,"DevOps, Hosting, Monitoring and Business Continuity",ecosystem workstream,See IMPLEMENTATION_STATUS.md,phase-specific acceptance evidence,local Docker foundation
PHASE-20,ReserveChain_Final_Master_Developer_Instructions_v2.0.pdf,"Production Deployment, Authorized TGE and Controlled Launch",ecosystem workstream,See IMPLEMENTATION_STATUS.md,phase-specific acceptance evidence,not authorized
PHASE-21,ReserveChain_Final_Master_Developer_Instructions_v2.0.pdf,"Documentation, Source Code, Training and Handover",ecosystem workstream,See IMPLEMENTATION_STATUS.md,phase-specific acceptance evidence,package docs foundation
PHASE-22,ReserveChain_Final_Master_Developer_Instructions_v2.0.pdf,"Warranty, Post-Launch Support and Exit Assistance",ecosystem workstream,See IMPLEMENTATION_STATUS.md,phase-specific acceptance evidence,commercial SLA to agree
